[
  {
    "line": 1,
    "elements": [
      {
        "line": 4,
        "name": "Validating shifts default view page",
        "description": "",
        "id": "search-by-keyword;validating-shifts-default-view-page",
        "type": "scenario",
        "keyword": "Scenario",
        "steps": [
          {
            "result": {
              "error_message": "net.thucydides.core.webdriver.UnsupportedDriverException: Could not instantiate class org.openqa.selenium.firefox.FirefoxDriver\n\tat net.thucydides.core.webdriver.WebDriverFacade.newDriverInstance(WebDriverFacade.java:157)\n\tat net.thucydides.core.webdriver.WebDriverFacade.newProxyDriver(WebDriverFacade.java:144)\n\tat net.thucydides.core.webdriver.WebDriverFacade.getProxiedDriver(WebDriverFacade.java:114)\n\tat net.thucydides.core.webdriver.WebDriverFacade.openIgnoringHtmlUnitScriptErrors(WebDriverFacade.java:189)\n\tat net.thucydides.core.webdriver.WebDriverFacade.get(WebDriverFacade.java:184)\n\tat net.serenitybdd.core.pages.PageObject.openPageAtUrl(PageObject.java:831)\n\tat net.serenitybdd.core.pages.PageObject.openAt(PageObject.java:784)\n\tat com.apple.gcrm.shifts.pageObjects.LoginSteps.navigateTo(LoginSteps.java:17)\n\tat com.apple.gcrm.shifts.stepDefinitions.DefaultViewStepDef.launches_the_shifts_tool_as_an_advisor_based_in_AMR(DefaultViewStepDef.java:19)\n\tat ✽.Launches the shifts tool as an advisor based in AMR(src/test/resources/features/defaultView.feature:5)\nCaused by: net.thucydides.core.webdriver.UnsupportedDriverException: Could not instantiate new WebDriver instance of type class org.openqa.selenium.firefox.FirefoxDriver (Timed out waiting 45 seconds for Firefox to start.\nBuild info: version: \u00273.7.0\u0027, revision: \u00272321c73\u0027, time: \u00272017-11-02T22:22:35.584Z\u0027\nSystem info: host: \u0027HYDPCM006493D\u0027, ip: \u0027fe80:0:0:0:890:18b8:c3a6:12a6%en0\u0027, os.name: \u0027Mac OS X\u0027, os.arch: \u0027x86_64\u0027, os.version: \u002710.14.6\u0027, java.version: \u002711.0.1\u0027\nDriver info: driver.version: FirefoxDriver\n\tat net.thucydides.core.webdriver.WebDriverFactory.newWebdriverInstance(WebDriverFactory.java:133)\n\tat net.thucydides.core.webdriver.WebDriverFacade.newDriverInstance(WebDriverFacade.java:153)\n\tat net.thucydides.core.webdriver.WebDriverFacade.newProxyDriver(WebDriverFacade.java:144)\n\tat net.thucydides.core.webdriver.WebDriverFacade.getProxiedDriver(WebDriverFacade.java:114)\n\tat net.thucydides.core.webdriver.WebDriverFacade.openIgnoringHtmlUnitScriptErrors(WebDriverFacade.java:189)\n\tat net.thucydides.core.webdriver.WebDriverFacade.get(WebDriverFacade.java:184)\n\tat net.serenitybdd.core.pages.PageObject.openPageAtUrl(PageObject.java:831)\n\tat net.serenitybdd.core.pages.PageObject.openAt(PageObject.java:784)\n\tat com.apple.gcrm.shifts.pageObjects.LoginSteps.navigateTo(LoginSteps.java:17)\n\tat com.apple.gcrm.shifts.stepDefinitions.DefaultViewStepDef.launches_the_shifts_tool_as_an_advisor_based_in_AMR(DefaultViewStepDef.java:19)\n\tat java.base/jdk.internal.reflect.NativeMethodAccessorImpl.invoke0(Native Method)\n\tat java.base/jdk.internal.reflect.NativeMethodAccessorImpl.invoke(NativeMethodAccessorImpl.java:62)\n\tat java.base/jdk.internal.reflect.DelegatingMethodAccessorImpl.invoke(DelegatingMethodAccessorImpl.java:43)\n\tat java.base/java.lang.reflect.Method.invoke(Method.java:566)\n\tat cucumber.runtime.Utils$1.call(Utils.java:32)\n\tat cucumber.runtime.Timeout.timeout(Timeout.java:16)\n\tat cucumber.runtime.Utils.invoke(Utils.java:26)\n\tat cucumber.runtime.java.JavaStepDefinition.execute(JavaStepDefinition.java:37)\n\tat cucumber.runtime.StepDefinitionMatch.runStep(StepDefinitionMatch.java:40)\n\tat cucumber.api.TestStep.executeStep(TestStep.java:102)\n\tat cucumber.api.TestStep.run(TestStep.java:83)\n\tat cucumber.api.TestCase.run(TestCase.java:58)\n\tat cucumber.runner.Runner.runPickle(Runner.java:80)\n\tat cucumber.runtime.junit.PickleRunners$NoStepDescriptions.run(PickleRunners.java:140)\n\tat cucumber.runtime.junit.FeatureRunner.runChild(FeatureRunner.java:68)\n\tat cucumber.runtime.junit.FeatureRunner.runChild(FeatureRunner.java:23)\n\tat org.junit.runners.ParentRunner$3.run(ParentRunner.java:290)\n\tat org.junit.runners.ParentRunner$1.schedule(ParentRunner.java:71)\n\tat org.junit.runners.ParentRunner.runChildren(ParentRunner.java:288)\n\tat org.junit.runners.ParentRunner.access$000(ParentRunner.java:58)\n\tat org.junit.runners.ParentRunner$2.evaluate(ParentRunner.java:268)\n\tat org.junit.runners.ParentRunner.run(ParentRunner.java:363)\n\tat cucumber.runtime.junit.FeatureRunner.run(FeatureRunner.java:73)\n\tat cucumber.api.junit.Cucumber.runChild(Cucumber.java:99)\n\tat cucumber.api.junit.Cucumber.runChild(Cucumber.java:41)\n\tat org.junit.runners.ParentRunner$3.run(ParentRunner.java:290)\n\tat org.junit.runners.ParentRunner$1.schedule(ParentRunner.java:71)\n\tat org.junit.runners.ParentRunner.runChildren(ParentRunner.java:288)\n\tat org.junit.runners.ParentRunner.access$000(ParentRunner.java:58)\n\tat org.junit.runners.ParentRunner$2.evaluate(ParentRunner.java:268)\n\tat cucumber.api.junit.Cucumber$1.evaluate(Cucumber.java:108)\n\tat org.junit.runners.ParentRunner.run(ParentRunner.java:363)\n\tat org.apache.maven.surefire.junit4.JUnit4Provider.execute(JUnit4Provider.java:283)\n\tat org.apache.maven.surefire.junit4.JUnit4Provider.executeWithRerun(JUnit4Provider.java:173)\n\tat org.apache.maven.surefire.junit4.JUnit4Provider.executeTestSet(JUnit4Provider.java:153)\n\tat org.apache.maven.surefire.junit4.JUnit4Provider.invoke(JUnit4Provider.java:128)\n\tat org.apache.maven.surefire.booter.ForkedBooter.invokeProviderInSameClassLoader(ForkedBooter.java:203)\n\tat org.apache.maven.surefire.booter.ForkedBooter.runSuitesInProcess(ForkedBooter.java:155)\n\tat org.apache.maven.surefire.booter.ForkedBooter.main(ForkedBooter.java:103)\nCaused by: org.openqa.selenium.WebDriverException: Timed out waiting 45 seconds for Firefox to start.\nBuild info: version: \u00273.7.0\u0027, revision: \u00272321c73\u0027, time: \u00272017-11-02T22:22:35.584Z\u0027\nSystem info: host: \u0027HYDPCM006493D\u0027, ip: \u0027fe80:0:0:0:890:18b8:c3a6:12a6%en0\u0027, os.name: \u0027Mac OS X\u0027, os.arch: \u0027x86_64\u0027, os.version: \u002710.14.6\u0027, java.version: \u002711.0.1\u0027\nDriver info: driver.version: FirefoxDriver\n\tat org.openqa.selenium.firefox.XpiDriverService.waitUntilAvailable(XpiDriverService.java:131)\n\tat org.openqa.selenium.firefox.XpiDriverService.start(XpiDriverService.java:116)\n\tat org.openqa.selenium.remote.service.DriverCommandExecutor.execute(DriverCommandExecutor.java:79)\n\tat org.openqa.selenium.remote.RemoteWebDriver.execute(RemoteWebDriver.java:600)\n\tat org.openqa.selenium.remote.RemoteWebDriver.startSession(RemoteWebDriver.java:219)\n\tat org.openqa.selenium.remote.RemoteWebDriver.\u003cinit\u003e(RemoteWebDriver.java:142)\n\tat org.openqa.selenium.firefox.FirefoxDriver.\u003cinit\u003e(FirefoxDriver.java:120)\n\tat org.openqa.selenium.firefox.FirefoxDriver.\u003cinit\u003e(FirefoxDriver.java:106)\n\tat net.serenitybdd.core.webdriver.driverproviders.FirefoxDriverProvider.newFirefoxDriver(FirefoxDriverProvider.java:69)\n\tat net.serenitybdd.core.webdriver.driverproviders.FirefoxDriverProvider.newInstance(FirefoxDriverProvider.java:52)\n\tat net.thucydides.core.webdriver.WebDriverFactory.newWebdriverInstance(WebDriverFactory.java:123)\n\t... 48 more\nCaused by: org.openqa.selenium.net.UrlChecker$TimeoutException: Timed out waiting for [http://localhost:17426/hub/status] to be available after 45004 ms\n\tat org.openqa.selenium.net.UrlChecker.waitUntilAvailable(UrlChecker.java:100)\n\tat org.openqa.selenium.firefox.XpiDriverService.waitUntilAvailable(XpiDriverService.java:129)\n\t... 58 more\nCaused by: java.util.concurrent.TimeoutException\n\tat java.base/java.util.concurrent.FutureTask.get(FutureTask.java:204)\n\tat com.google.common.util.concurrent.SimpleTimeLimiter.callWithTimeout(SimpleTimeLimiter.java:147)\n\tat org.openqa.selenium.net.UrlChecker.waitUntilAvailable(UrlChecker.java:75)\n\t... 59 more\n",
              "duration": 46199569148,
              "status": "failed"
            },
            "line": 5,
            "name": "Launches the shifts tool as an advisor based in AMR",
            "match": {
              "location": "DefaultViewStepDef.launches_the_shifts_tool_as_an_advisor_based_in_AMR()"
            },
            "keyword": "Given "
          },
          {
            "result": {
              "status": "skipped"
            },
            "line": 6,
            "name": "Verify timezone on the right hand corner",
            "match": {
              "location": "DefaultViewStepDef.verify_timezone_on_the_right_hand_corner()"
            },
            "keyword": "Then "
          }
        ],
        "tags": [
          {
            "name": "@Step"
          }
        ]
      }
    ],
    "name": "Search by keyword",
    "description": "",
    "id": "search-by-keyword",
    "keyword": "Feature",
    "uri": "src/test/resources/features/defaultView.feature"
  }
]